"variable","X1"
"X.Intercept.",-0.124211237456146
"X.Intercept..1",0
"Age",-0.0449436610765941
"BusinessTravelTravel_Frequently",0.403306803673379
"BusinessTravelTravel_Rarely",0
"X.Intercept.",-0.0250725641081437
"X.Intercept..1",0
"Age",-0.0452334003076471
"DepartmentResearch...Development",0
"DepartmentSales",-0.0185705341140415
"X.Intercept.",-0.0307878225458287
"X.Intercept..1",0
"Age",-0.0452304410877233
"DistanceFromHome",0
"X.Intercept.",-0.0307878225458287
"X.Intercept..1",0
"Age",-0.0452304410877233
"Education",0
"X.Intercept.",-0.0307878225458287
"X.Intercept..1",0
"Age",-0.0452304410877233
"EducationFieldLife.Sciences",0
"EducationFieldMarketing",0
"EducationFieldMedical",0
"EducationFieldOther",0
"EducationFieldTechnical.Degree",0
"X.Intercept.",-0.0314484911687327
"X.Intercept..1",0
"Age",-0.0452286789552967
"GenderMale",0.000999386123168928
"X.Intercept.",-0.0307878225458287
"X.Intercept..1",0
"Age",-0.0452304410877233
"JobLevel",0
"X.Intercept.",-0.00389355002480407
"X.Intercept..1",0
"Age",-0.0453870624092766
"JobRoleHuman.Resources",0
"JobRoleLaboratory.Technician",0
"JobRoleManager",-0.0814360562134282
"JobRoleManufacturing.Director",-0.232446877850917
"JobRoleResearch.Director",0.103674602409589
"JobRoleResearch.Scientist",0
"JobRoleSales.Executive",0
"JobRoleSales.Representative",0
"X.Intercept.",-0.465330165189264
"X.Intercept..1",0
"Age",-0.0406355512403467
"MaritalStatusMarried",0
"MaritalStatusSingle",0.718934340826219
"X.Intercept.",-0.0307878225458287
"X.Intercept..1",0
"Age",-0.0452304410877233
"MonthlyIncome",0
"X.Intercept.",0.00862252340991043
"X.Intercept..1",0
"Age",-0.0506035813628802
"NumCompaniesWorked",0.0563396559367325
"X.Intercept.",-0.0708263121031649
"X.Intercept..1",0
"Age",-0.045183942185346
"PercentSalaryHike",0.00252252503676428
"X.Intercept.",-0.0307878225458287
"X.Intercept..1",0
"Age",-0.0452304410877233
"StockOptionLevel",0
"X.Intercept.",-0.466786586277388
"X.Intercept..1",0
"Age",-0.0181938105496451
"TotalWorkingYears",-0.0527781638797368
"X.Intercept.",0.129305794017959
"X.Intercept..1",0
"Age",-0.0454172375700812
"TrainingTimesLastYear",-0.0552970997066901
"X.Intercept.",-0.0500783800534959
"X.Intercept..1",0
"Age",-0.0370321699899092
"YearsAtCompany",-0.0429323739065653
"X.Intercept.",-0.0307878225458287
"X.Intercept..1",0
"Age",-0.0452304410877233
"YearsSinceLastPromotion",0
"X.Intercept.",0.0355041836515015
"X.Intercept..1",0
"Age",-0.0365283954338102
"YearsWithCurrManager",-0.101247511012499
"X.Intercept.",0.436100517942526
"X.Intercept..1",0
"Age",-0.0451738219676678
"EnvironmentSatisfaction",-0.175870192193004
"X.Intercept.",0.354007031055119
"X.Intercept..1",0
"Age",-0.0454716485938753
"JobSatisfaction",-0.140282313521469
"X.Intercept.",0.489647931837437
"X.Intercept..1",0
"Age",-0.0457607316101506
"WorkLifeBalance",-0.183956156162855
"X.Intercept.",-0.0307878225458287
"X.Intercept..1",0
"Age",-0.0452304410877233
"JobInvolvement",0
"X.Intercept.",-0.0307878225458287
"X.Intercept..1",0
"Age",-0.0452304410877233
"PerformanceRating",0
"X.Intercept.",-2.73318312460269
"X.Intercept..1",0
"Age",-0.0464893583118663
"Avg_Daily_Hours",0.347185382434122
"X.Intercept.",-2.57902941097115
"X.Intercept..1",0
"Age",-0.046327030338247
"Avg_Weekly_Hours",0.0718943516218091
"X.Intercept.",0.0561451710145084
"X.Intercept..1",0
"Age",-0.0451751490882299
"Days_off",-0.00703852171567774
"X.Intercept.",-1.72469477580605
"X.Intercept..1",0
"BusinessTravelTravel_Frequently",0.428195788282115
"BusinessTravelTravel_Rarely",0
"DepartmentResearch...Development",0
"DepartmentSales",-0.03537626024347
"X.Intercept.",-1.73476620951623
"X.Intercept..1",0
"BusinessTravelTravel_Frequently",0.425405020439703
"BusinessTravelTravel_Rarely",0
"DistanceFromHome",0
"X.Intercept.",-1.73476620951623
"X.Intercept..1",0
"BusinessTravelTravel_Frequently",0.425405020439703
"BusinessTravelTravel_Rarely",0
"Education",0
"X.Intercept.",-1.73389996728558
"X.Intercept..1",0
"BusinessTravelTravel_Frequently",0.425131224969552
"BusinessTravelTravel_Rarely",0
"EducationFieldLife.Sciences",0
"EducationFieldMarketing",0
"EducationFieldMedical",0
"EducationFieldOther",0
"EducationFieldTechnical.Degree",-0.00885971300090974
"X.Intercept.",-1.74402465189224
"X.Intercept..1",0
"BusinessTravelTravel_Frequently",0.425006302640051
"BusinessTravelTravel_Rarely",0
"GenderMale",0.0156059487651293
"X.Intercept.",-1.73476620951623
"X.Intercept..1",0
"BusinessTravelTravel_Frequently",0.425405020439703
"BusinessTravelTravel_Rarely",0
"JobLevel",0
"X.Intercept.",-1.713725171646
"X.Intercept..1",0
"BusinessTravelTravel_Frequently",0.433330620589197
"BusinessTravelTravel_Rarely",0
"JobRoleHuman.Resources",0
"JobRoleLaboratory.Technician",0
"JobRoleManager",-0.0698906050246538
"JobRoleManufacturing.Director",-0.247395739068304
"JobRoleResearch.Director",0.0928888368919321
"JobRoleResearch.Scientist",0
"JobRoleSales.Executive",0
"JobRoleSales.Representative",0
"X.Intercept.",-2.02355699544239
"X.Intercept..1",0
"BusinessTravelTravel_Frequently",0.394004965391243
"BusinessTravelTravel_Rarely",0
"MaritalStatusMarried",0
"MaritalStatusSingle",0.780668295669609
"X.Intercept.",-1.73476620951623
"X.Intercept..1",0
"BusinessTravelTravel_Frequently",0.425405020439703
"BusinessTravelTravel_Rarely",0
"MonthlyIncome",0
"X.Intercept.",-1.74139837529788
"X.Intercept..1",0
"BusinessTravelTravel_Frequently",0.426035934896323
"BusinessTravelTravel_Rarely",0
"NumCompaniesWorked",0.00240012312378221
"X.Intercept.",-1.82938966879843
"X.Intercept..1",0
"BusinessTravelTravel_Frequently",0.425379645841796
"BusinessTravelTravel_Rarely",0
"PercentSalaryHike",0.00621656350810941
"X.Intercept.",-1.73476620951623
"X.Intercept..1",0
"BusinessTravelTravel_Frequently",0.425405020439703
"BusinessTravelTravel_Rarely",0
"StockOptionLevel",0
"X.Intercept.",-1.04986881601159
"X.Intercept..1",0
"BusinessTravelTravel_Frequently",0.411447547346804
"BusinessTravelTravel_Rarely",0
"TotalWorkingYears",-0.0678467704325198
"X.Intercept.",-1.60861415516188
"X.Intercept..1",0
"BusinessTravelTravel_Frequently",0.42330923624906
"BusinessTravelTravel_Rarely",0
"TrainingTimesLastYear",-0.04533575845678
"X.Intercept.",-1.35201002374535
"X.Intercept..1",0
"BusinessTravelTravel_Frequently",0.425445462818383
"BusinessTravelTravel_Rarely",0
"YearsAtCompany",-0.0600695421437599
"X.Intercept.",-1.72436637664943
"X.Intercept..1",0
"BusinessTravelTravel_Frequently",0.425338467807925
"BusinessTravelTravel_Rarely",0
"YearsSinceLastPromotion",-0.00475289426767928
"X.Intercept.",-1.28765670786136
"X.Intercept..1",0
"BusinessTravelTravel_Frequently",0.426549401265693
"BusinessTravelTravel_Rarely",0
"YearsWithCurrManager",-0.120231956891786
"X.Intercept.",-1.26588621349543
"X.Intercept..1",0
"BusinessTravelTravel_Frequently",0.420998707983762
"BusinessTravelTravel_Rarely",0
"EnvironmentSatisfaction",-0.175451834023694
"X.Intercept.",-1.35437358494591
"X.Intercept..1",0
"BusinessTravelTravel_Frequently",0.445691806752023
"BusinessTravelTravel_Rarely",0
"JobSatisfaction",-0.143445569628855
"X.Intercept.",-1.27873907384138
"X.Intercept..1",0
"BusinessTravelTravel_Frequently",0.43212078341137
"BusinessTravelTravel_Rarely",0
"WorkLifeBalance",-0.167850083318181
"X.Intercept.",-1.73476620951623
"X.Intercept..1",0
"BusinessTravelTravel_Frequently",0.425405020439703
"BusinessTravelTravel_Rarely",0
"JobInvolvement",0
"X.Intercept.",-1.73476620951623
"X.Intercept..1",0
"BusinessTravelTravel_Frequently",0.425405020439703
"BusinessTravelTravel_Rarely",0
"PerformanceRating",0
"X.Intercept.",-4.41763139255148
"X.Intercept..1",0
"BusinessTravelTravel_Frequently",0.415791924934922
"BusinessTravelTravel_Rarely",0
"Avg_Daily_Hours",0.339280619138242
"X.Intercept.",-4.2680345261
"X.Intercept..1",0
"BusinessTravelTravel_Frequently",0.417933633263582
"BusinessTravelTravel_Rarely",0
"Avg_Weekly_Hours",0.0704329980965148
"X.Intercept.",-1.62689201938636
"X.Intercept..1",0
"BusinessTravelTravel_Frequently",0.427361238087706
"BusinessTravelTravel_Rarely",0
"Days_off",-0.00857053680573639
"X.Intercept.",-1.64739159976061
"X.Intercept..1",0
"DepartmentResearch...Development",0
"DepartmentSales",0
"DistanceFromHome",0
"X.Intercept.",-1.64739159976061
"X.Intercept..1",0
"DepartmentResearch...Development",0
"DepartmentSales",0
"Education",0
"X.Intercept.",-1.64739159976061
"X.Intercept..1",0
"DepartmentResearch...Development",0
"DepartmentSales",0
"EducationFieldLife.Sciences",0
"EducationFieldMarketing",0
"EducationFieldMedical",0
"EducationFieldOther",0
"EducationFieldTechnical.Degree",0
"X.Intercept.",-1.64739159976061
"X.Intercept..1",0
"DepartmentResearch...Development",0
"DepartmentSales",0
"GenderMale",0
"X.Intercept.",-1.64739159976061
"X.Intercept..1",0
"DepartmentResearch...Development",0
"DepartmentSales",0
"JobLevel",0
"X.Intercept.",-1.62419303567237
"X.Intercept..1",0
"DepartmentResearch...Development",0
"DepartmentSales",-0.0106114519752309
"JobRoleHuman.Resources",0
"JobRoleLaboratory.Technician",0
"JobRoleManager",-0.0848008585654699
"JobRoleManufacturing.Director",-0.215382440913237
"JobRoleResearch.Director",0.104763351600117
"JobRoleResearch.Scientist",0
"JobRoleSales.Executive",0
"JobRoleSales.Representative",0
"X.Intercept.",-1.94689820071184
"X.Intercept..1",0
"DepartmentResearch...Development",0
"DepartmentSales",0
"MaritalStatusMarried",0
"MaritalStatusSingle",0.791769772186992
"X.Intercept.",-1.64739159976061
"X.Intercept..1",0
"DepartmentResearch...Development",0
"DepartmentSales",0
"MonthlyIncome",0
"X.Intercept.",-1.64739159976061
"X.Intercept..1",0
"DepartmentResearch...Development",0
"DepartmentSales",0
"NumCompaniesWorked",0
"X.Intercept.",-1.64739159976061
"X.Intercept..1",0
"DepartmentResearch...Development",0
"DepartmentSales",0
"PercentSalaryHike",0
"X.Intercept.",-1.64739159976061
"X.Intercept..1",0
"DepartmentResearch...Development",0
"DepartmentSales",0
"StockOptionLevel",0
"X.Intercept.",-0.947826671611252
"X.Intercept..1",0
"DepartmentResearch...Development",0
"DepartmentSales",-0.0465722208380754
"TotalWorkingYears",-0.0681791097770428
"X.Intercept.",-1.51446960225603
"X.Intercept..1",0
"DepartmentResearch...Development",0
"DepartmentSales",-0.00870013224620579
"TrainingTimesLastYear",-0.0469835019370469
"X.Intercept.",-1.26158562623598
"X.Intercept..1",0
"DepartmentResearch...Development",0
"DepartmentSales",-0.0136834205829137
"YearsAtCompany",-0.0598689142091245
"X.Intercept.",-1.64739159976061
"X.Intercept..1",0
"DepartmentResearch...Development",0
"DepartmentSales",0
"YearsSinceLastPromotion",0
"X.Intercept.",-1.1948039527805
"X.Intercept..1",0
"DepartmentResearch...Development",0
"DepartmentSales",-0.0183742278219729
"YearsWithCurrManager",-0.120146242147679
"X.Intercept.",-1.17374726821689
"X.Intercept..1",0
"DepartmentResearch...Development",0
"DepartmentSales",-0.00475906668371706
"EnvironmentSatisfaction",-0.177055428464995
"X.Intercept.",-1.28508019693141
"X.Intercept..1",0
"DepartmentResearch...Development",0
"DepartmentSales",0
"JobSatisfaction",-0.135141009735171
"X.Intercept.",-1.20228489048326
"X.Intercept..1",0
"DepartmentResearch...Development",0
"DepartmentSales",-0.008337262391421
"WorkLifeBalance",-0.162409841785646
"X.Intercept.",-1.64739159976061
"X.Intercept..1",0
"DepartmentResearch...Development",0
"DepartmentSales",0
"JobInvolvement",0
"X.Intercept.",-1.64739159976061
"X.Intercept..1",0
"DepartmentResearch...Development",0
"DepartmentSales",0
"PerformanceRating",0
"X.Intercept.",-4.33346845313501
"X.Intercept..1",0
"DepartmentResearch...Development",0
"DepartmentSales",0
"Avg_Daily_Hours",0.339485674540495
"X.Intercept.",-4.18257640104928
"X.Intercept..1",0
"DepartmentResearch...Development",0
"DepartmentSales",0
"Avg_Weekly_Hours",0.0704532633287917
"X.Intercept.",-1.64739159976061
"X.Intercept..1",0
"DepartmentResearch...Development",0
"DepartmentSales",0
"Days_off",0
"X.Intercept.",-1.64739159976061
"X.Intercept..1",0
"DistanceFromHome",0
"Education",0
"X.Intercept.",-1.64739159976061
"X.Intercept..1",0
"DistanceFromHome",0
"EducationFieldLife.Sciences",0
"EducationFieldMarketing",0
"EducationFieldMedical",0
"EducationFieldOther",0
"EducationFieldTechnical.Degree",0
"X.Intercept.",-1.64739159976061
"X.Intercept..1",0
"DistanceFromHome",0
"GenderMale",0
"X.Intercept.",-1.64739159976061
"X.Intercept..1",0
"DistanceFromHome",0
"JobLevel",0
"X.Intercept.",-1.6273595914397
"X.Intercept..1",0
"DistanceFromHome",0
"JobRoleHuman.Resources",0
"JobRoleLaboratory.Technician",0
"JobRoleManager",-0.0847212390706083
"JobRoleManufacturing.Director",-0.215426053024893
"JobRoleResearch.Director",0.104209795578294
"JobRoleResearch.Scientist",0
"JobRoleSales.Executive",0
"JobRoleSales.Representative",0
"X.Intercept.",-1.94689820071184
"X.Intercept..1",0
"DistanceFromHome",0
"MaritalStatusMarried",0
"MaritalStatusSingle",0.791769772186992
"X.Intercept.",-1.64739159976061
"X.Intercept..1",0
"DistanceFromHome",0
"MonthlyIncome",0
"X.Intercept.",-1.64739159976061
"X.Intercept..1",0
"DistanceFromHome",0
"NumCompaniesWorked",0
"X.Intercept.",-1.74209985044046
"X.Intercept..1",0
"DistanceFromHome",0
"PercentSalaryHike",0.00622185312820234
"X.Intercept.",-1.64739159976061
"X.Intercept..1",0
"DistanceFromHome",0
"StockOptionLevel",0
"X.Intercept.",-0.962989272917044
"X.Intercept..1",0
"DistanceFromHome",0
"TotalWorkingYears",-0.0680668079854379
"X.Intercept.",-1.51704968649235
"X.Intercept..1",0
"DistanceFromHome",0
"TrainingTimesLastYear",-0.0469974744273051
"X.Intercept.",-1.26575649356635
"X.Intercept..1",0
"DistanceFromHome",0
"YearsAtCompany",-0.0598605341607257
"X.Intercept.",-1.64739159976061
"X.Intercept..1",0
"DistanceFromHome",0
"YearsSinceLastPromotion",0
"X.Intercept.",-1.20045007113752
"X.Intercept..1",0
"DistanceFromHome",0
"YearsWithCurrManager",-0.120114009051711
"X.Intercept.",-1.17510930394282
"X.Intercept..1",0
"DistanceFromHome",0
"EnvironmentSatisfaction",-0.177082201415091
"X.Intercept.",-1.28508019693141
"X.Intercept..1",0
"DistanceFromHome",0
"JobSatisfaction",-0.135141009735171
"X.Intercept.",-1.20472087492395
"X.Intercept..1",0
"DistanceFromHome",0
"WorkLifeBalance",-0.162437036767202
"X.Intercept.",-1.64739159976061
"X.Intercept..1",0
"DistanceFromHome",0
"JobInvolvement",0
"X.Intercept.",-1.64739159976061
"X.Intercept..1",0
"DistanceFromHome",0
"PerformanceRating",0
"X.Intercept.",-4.33346845313501
"X.Intercept..1",0
"DistanceFromHome",0
"Avg_Daily_Hours",0.339485674540495
"X.Intercept.",-4.18257640104928
"X.Intercept..1",0
"DistanceFromHome",0
"Avg_Weekly_Hours",0.0704532633287917
"X.Intercept.",-1.54580512679582
"X.Intercept..1",0
"DistanceFromHome",0
"Days_off",-0.00804072716189722
"X.Intercept.",-1.64739159976061
"X.Intercept..1",0
"Education",0
"EducationFieldLife.Sciences",0
"EducationFieldMarketing",0
"EducationFieldMedical",0
"EducationFieldOther",0
"EducationFieldTechnical.Degree",0
"X.Intercept.",-1.64739159976061
"X.Intercept..1",0
"Education",0
"GenderMale",0
"X.Intercept.",-1.64739159976061
"X.Intercept..1",0
"Education",0
"JobLevel",0
"X.Intercept.",-1.6273595914397
"X.Intercept..1",0
"Education",0
"JobRoleHuman.Resources",0
"JobRoleLaboratory.Technician",0
"JobRoleManager",-0.0847212390706083
"JobRoleManufacturing.Director",-0.215426053024893
"JobRoleResearch.Director",0.104209795578294
"JobRoleResearch.Scientist",0
"JobRoleSales.Executive",0
"JobRoleSales.Representative",0
"X.Intercept.",-1.94689820071184
"X.Intercept..1",0
"Education",0
"MaritalStatusMarried",0
"MaritalStatusSingle",0.791769772186992
"X.Intercept.",-1.64739159976061
"X.Intercept..1",0
"Education",0
"MonthlyIncome",0
"X.Intercept.",-1.64739159976061
"X.Intercept..1",0
"Education",0
"NumCompaniesWorked",0
"X.Intercept.",-1.74209985044046
"X.Intercept..1",0
"Education",0
"PercentSalaryHike",0.00622185312820234
"X.Intercept.",-1.64739159976061
"X.Intercept..1",0
"Education",0
"StockOptionLevel",0
"X.Intercept.",-0.962989272917044
"X.Intercept..1",0
"Education",0
"TotalWorkingYears",-0.0680668079854379
"X.Intercept.",-1.51704968649235
"X.Intercept..1",0
"Education",0
"TrainingTimesLastYear",-0.0469974744273051
"X.Intercept.",-1.26575649356635
"X.Intercept..1",0
"Education",0
"YearsAtCompany",-0.0598605341607257
"X.Intercept.",-1.64739159976061
"X.Intercept..1",0
"Education",0
"YearsSinceLastPromotion",0
"X.Intercept.",-1.20045007113752
"X.Intercept..1",0
"Education",0
"YearsWithCurrManager",-0.120114009051711
"X.Intercept.",-1.17510930394282
"X.Intercept..1",0
"Education",0
"EnvironmentSatisfaction",-0.177082201415091
"X.Intercept.",-1.28508019693141
"X.Intercept..1",0
"Education",0
"JobSatisfaction",-0.135141009735171
"X.Intercept.",-1.20472087492395
"X.Intercept..1",0
"Education",0
"WorkLifeBalance",-0.162437036767202
"X.Intercept.",-1.64739159976061
"X.Intercept..1",0
"Education",0
"JobInvolvement",0
"X.Intercept.",-1.64739159976061
"X.Intercept..1",0
"Education",0
"PerformanceRating",0
"X.Intercept.",-4.33346845313501
"X.Intercept..1",0
"Education",0
"Avg_Daily_Hours",0.339485674540495
"X.Intercept.",-4.18257640104928
"X.Intercept..1",0
"Education",0
"Avg_Weekly_Hours",0.0704532633287917
"X.Intercept.",-1.54580512679582
"X.Intercept..1",0
"Education",0
"Days_off",-0.00804072716189722
"X.Intercept.",-1.64739159976061
"X.Intercept..1",0
"EducationFieldLife.Sciences",0
"EducationFieldMarketing",0
"EducationFieldMedical",0
"EducationFieldOther",0
"EducationFieldTechnical.Degree",0
"GenderMale",0
"X.Intercept.",-1.64739159976061
"X.Intercept..1",0
"EducationFieldLife.Sciences",0
"EducationFieldMarketing",0
"EducationFieldMedical",0
"EducationFieldOther",0
"EducationFieldTechnical.Degree",0
"JobLevel",0
"X.Intercept.",-1.6239935659276
"X.Intercept..1",0
"EducationFieldLife.Sciences",0
"EducationFieldMarketing",0
"EducationFieldMedical",0
"EducationFieldOther",0
"EducationFieldTechnical.Degree",-0.0366698218919434
"JobRoleHuman.Resources",0
"JobRoleLaboratory.Technician",0
"JobRoleManager",-0.0854448655591083
"JobRoleManufacturing.Director",-0.215410730402906
"JobRoleResearch.Director",0.104766530875985
"JobRoleResearch.Scientist",0
"JobRoleSales.Executive",0
"JobRoleSales.Representative",0
"X.Intercept.",-1.94446600845289
"X.Intercept..1",0
"EducationFieldLife.Sciences",0
"EducationFieldMarketing",0
"EducationFieldMedical",0
"EducationFieldOther",0
"EducationFieldTechnical.Degree",-0.0262013483788481
"MaritalStatusMarried",0
"MaritalStatusSingle",0.791670182958535
"X.Intercept.",-1.64739159976061
"X.Intercept..1",0
"EducationFieldLife.Sciences",0
"EducationFieldMarketing",0
"EducationFieldMedical",0
"EducationFieldOther",0
"EducationFieldTechnical.Degree",0
"MonthlyIncome",0
"X.Intercept.",-1.64739159976061
"X.Intercept..1",0
"EducationFieldLife.Sciences",0
"EducationFieldMarketing",0
"EducationFieldMedical",0
"EducationFieldOther",0
"EducationFieldTechnical.Degree",0
"NumCompaniesWorked",0
"X.Intercept.",-1.64739159976061
"X.Intercept..1",0
"EducationFieldLife.Sciences",0
"EducationFieldMarketing",0
"EducationFieldMedical",0
"EducationFieldOther",0
"EducationFieldTechnical.Degree",0
"PercentSalaryHike",0
"X.Intercept.",-1.64739159976061
"X.Intercept..1",0
"EducationFieldLife.Sciences",0
"EducationFieldMarketing",0
"EducationFieldMedical",0
"EducationFieldOther",0
"EducationFieldTechnical.Degree",0
"StockOptionLevel",0
"X.Intercept.",-0.962989272917044
"X.Intercept..1",0
"EducationFieldLife.Sciences",0
"EducationFieldMarketing",0
"EducationFieldMedical",0
"EducationFieldOther",0
"EducationFieldTechnical.Degree",0
"TotalWorkingYears",-0.0680668079854379
"X.Intercept.",-1.51364690634112
"X.Intercept..1",0
"EducationFieldLife.Sciences",0
"EducationFieldMarketing",0
"EducationFieldMedical",0
"EducationFieldOther",0
"EducationFieldTechnical.Degree",-0.035892434405619
"TrainingTimesLastYear",-0.0470417194161107
"X.Intercept.",-1.26545609603595
"X.Intercept..1",0
"EducationFieldLife.Sciences",0
"EducationFieldMarketing",0
"EducationFieldMedical",0
"EducationFieldOther",0
"EducationFieldTechnical.Degree",-0.00365945147337302
"YearsAtCompany",-0.0598552638355519
"X.Intercept.",-1.64739159976061
"X.Intercept..1",0
"EducationFieldLife.Sciences",0
"EducationFieldMarketing",0
"EducationFieldMedical",0
"EducationFieldOther",0
"EducationFieldTechnical.Degree",0
"YearsSinceLastPromotion",0
"X.Intercept.",-1.19863613765002
"X.Intercept..1",0
"EducationFieldLife.Sciences",0
"EducationFieldMarketing",0
"EducationFieldMedical",0
"EducationFieldOther",0
"EducationFieldTechnical.Degree",-0.02080571718534
"YearsWithCurrManager",-0.120088836617045
"X.Intercept.",-1.17256331357213
"X.Intercept..1",0
"EducationFieldLife.Sciences",0
"EducationFieldMarketing",0
"EducationFieldMedical",0
"EducationFieldOther",0
"EducationFieldTechnical.Degree",-0.0299229512593323
"EnvironmentSatisfaction",-0.177010537021456
"X.Intercept.",-1.28257638819788
"X.Intercept..1",0
"EducationFieldLife.Sciences",0
"EducationFieldMarketing",0
"EducationFieldMedical",0
"EducationFieldOther",0
"EducationFieldTechnical.Degree",-0.0296057358008461
"JobSatisfaction",-0.135065845324116
"X.Intercept.",-1.19627758692471
"X.Intercept..1",0
"EducationFieldLife.Sciences",0
"EducationFieldMarketing",0
"EducationFieldMedical",0
"EducationFieldOther",0
"EducationFieldTechnical.Degree",-0.0566183494010911
"WorkLifeBalance",-0.163636568901537
"X.Intercept.",-1.64739159976061
"X.Intercept..1",0
"EducationFieldLife.Sciences",0
"EducationFieldMarketing",0
"EducationFieldMedical",0
"EducationFieldOther",0
"EducationFieldTechnical.Degree",0
"JobInvolvement",0
"X.Intercept.",-1.64739159976061
"X.Intercept..1",0
"EducationFieldLife.Sciences",0
"EducationFieldMarketing",0
"EducationFieldMedical",0
"EducationFieldOther",0
"EducationFieldTechnical.Degree",0
"PerformanceRating",0
"X.Intercept.",-4.33288879259376
"X.Intercept..1",0
"EducationFieldLife.Sciences",0
"EducationFieldMarketing",0
"EducationFieldMedical",0
"EducationFieldOther",0
"EducationFieldTechnical.Degree",-0.00436226004207611
"Avg_Daily_Hours",0.339463343170194
"X.Intercept.",-4.18195874659193
"X.Intercept..1",0
"EducationFieldLife.Sciences",0
"EducationFieldMarketing",0
"EducationFieldMedical",0
"EducationFieldOther",0
"EducationFieldTechnical.Degree",-0.00473192674267547
"Avg_Weekly_Hours",0.0704482346250595
"X.Intercept.",-1.54285518512959
"X.Intercept..1",0
"EducationFieldLife.Sciences",0
"EducationFieldMarketing",0
"EducationFieldMedical",0
"EducationFieldOther",0
"EducationFieldTechnical.Degree",-0.0337288214515871
"Days_off",-0.0080302640771117
"X.Intercept.",-1.64739159976061
"X.Intercept..1",0
"GenderMale",0
"JobLevel",0
"X.Intercept.",-1.63953604330671
"X.Intercept..1",0
"GenderMale",0.0199465074269595
"JobRoleHuman.Resources",0
"JobRoleLaboratory.Technician",0
"JobRoleManager",-0.0822408671360855
"JobRoleManufacturing.Director",-0.214920176574142
"JobRoleResearch.Director",0.104899265319266
"JobRoleResearch.Scientist",0
"JobRoleSales.Executive",0
"JobRoleSales.Representative",0
"X.Intercept.",-1.95935106675705
"X.Intercept..1",0
"GenderMale",0.0208419096568513
"MaritalStatusMarried",0
"MaritalStatusSingle",0.791712019999535
"X.Intercept.",-1.64739159976061
"X.Intercept..1",0
"GenderMale",0
"MonthlyIncome",0
"X.Intercept.",-1.64739159976061
"X.Intercept..1",0
"GenderMale",0
"NumCompaniesWorked",0
"X.Intercept.",-1.64739159976061
"X.Intercept..1",0
"GenderMale",0
"PercentSalaryHike",0
"X.Intercept.",-1.64739159976061
"X.Intercept..1",0
"GenderMale",0
"StockOptionLevel",0
"X.Intercept.",-0.964124754457176
"X.Intercept..1",0
"GenderMale",0.0018249889906561
"TotalWorkingYears",-0.0680622248708811
"X.Intercept.",-1.52863072381823
"X.Intercept..1",0
"GenderMale",0.0180257498327232
"TrainingTimesLastYear",-0.0467118059229374
"X.Intercept.",-1.28270457925859
"X.Intercept..1",0
"GenderMale",0.028660174816629
"YearsAtCompany",-0.0598942415580159
"X.Intercept.",-1.64739159976061
"X.Intercept..1",0
"GenderMale",0
"YearsSinceLastPromotion",0
"X.Intercept.",-1.22328780755137
"X.Intercept..1",0
"GenderMale",0.0388433020092401
"YearsWithCurrManager",-0.120223203919608
"X.Intercept.",-1.18919803719695
"X.Intercept..1",0
"GenderMale",0.0235293126950322
"EnvironmentSatisfaction",-0.177079069177084
"X.Intercept.",-1.30167065350425
"X.Intercept..1",0
"GenderMale",0.0288935519898372
"JobSatisfaction",-0.135404119696091
"X.Intercept.",-1.21354596482631
"X.Intercept..1",0
"GenderMale",0.0130282881545914
"WorkLifeBalance",-0.162059875831073
"X.Intercept.",-1.64739159976061
"X.Intercept..1",0
"GenderMale",0
"JobInvolvement",0
"X.Intercept.",-1.64739159976061
"X.Intercept..1",0
"GenderMale",0
"PerformanceRating",0
"X.Intercept.",-4.343681306812
"X.Intercept..1",0
"GenderMale",0.0172665806161248
"Avg_Daily_Hours",0.339468995485985
"X.Intercept.",-4.19085960282802
"X.Intercept..1",0
"GenderMale",0.0143062963115476
"Avg_Weekly_Hours",0.0704454135106527
"X.Intercept.",-1.55943905688061
"X.Intercept..1",0
"GenderMale",0.022614381244673
"Days_off",-0.00803295913000042
"X.Intercept.",-1.6273595914397
"X.Intercept..1",0
"JobLevel",0
"JobRoleHuman.Resources",0
"JobRoleLaboratory.Technician",0
"JobRoleManager",-0.0847212390706083
"JobRoleManufacturing.Director",-0.215426053024893
"JobRoleResearch.Director",0.104209795578294
"JobRoleResearch.Scientist",0
"JobRoleSales.Executive",0
"JobRoleSales.Representative",0
"X.Intercept.",-1.94689820071184
"X.Intercept..1",0
"JobLevel",0
"MaritalStatusMarried",0
"MaritalStatusSingle",0.791769772186992
"X.Intercept.",-1.64739159976061
"X.Intercept..1",0
"JobLevel",0
"MonthlyIncome",0
"X.Intercept.",-1.64739159976061
"X.Intercept..1",0
"JobLevel",0
"NumCompaniesWorked",0
"X.Intercept.",-1.64739159976061
"X.Intercept..1",0
"JobLevel",0
"PercentSalaryHike",0
"X.Intercept.",-1.64739159976061
"X.Intercept..1",0
"JobLevel",0
"StockOptionLevel",0
"X.Intercept.",-0.962989272917044
"X.Intercept..1",0
"JobLevel",0
"TotalWorkingYears",-0.0680668079854379
"X.Intercept.",-1.51704968649235
"X.Intercept..1",0
"JobLevel",0
"TrainingTimesLastYear",-0.0469974744273051
"X.Intercept.",-1.26575649356635
"X.Intercept..1",0
"JobLevel",0
"YearsAtCompany",-0.0598605341607257
"X.Intercept.",-1.63682475717511
"X.Intercept..1",0
"JobLevel",0
"YearsSinceLastPromotion",-0.0048353995281268
"X.Intercept.",-1.20045007113752
"X.Intercept..1",0
"JobLevel",0
"YearsWithCurrManager",-0.120114009051711
"X.Intercept.",-1.17510930394282
"X.Intercept..1",0
"JobLevel",0
"EnvironmentSatisfaction",-0.177082201415091
"X.Intercept.",-1.28508019693141
"X.Intercept..1",0
"JobLevel",0
"JobSatisfaction",-0.135141009735171
"X.Intercept.",-1.20472087492395
"X.Intercept..1",0
"JobLevel",0
"WorkLifeBalance",-0.162437036767202
"X.Intercept.",-1.64739159976061
"X.Intercept..1",0
"JobLevel",0
"JobInvolvement",0
"X.Intercept.",-1.64739159976061
"X.Intercept..1",0
"JobLevel",0
"PerformanceRating",0
"X.Intercept.",-4.33346845313501
"X.Intercept..1",0
"JobLevel",0
"Avg_Daily_Hours",0.339485674540495
"X.Intercept.",-4.18257640104928
"X.Intercept..1",0
"JobLevel",0
"Avg_Weekly_Hours",0.0704532633287917
"X.Intercept.",-1.54580512679582
"X.Intercept..1",0
"JobLevel",0
"Days_off",-0.00804072716189722
"X.Intercept.",-1.92166464979712
"X.Intercept..1",0
"JobRoleHuman.Resources",0
"JobRoleLaboratory.Technician",0
"JobRoleManager",-0.138582147139143
"JobRoleManufacturing.Director",-0.192976481355113
"JobRoleResearch.Director",0.0348524355680632
"JobRoleResearch.Scientist",0
"JobRoleSales.Executive",0
"JobRoleSales.Representative",0
"MaritalStatusMarried",0
"MaritalStatusSingle",0.790782096490719
"X.Intercept.",-1.6273595914397
"X.Intercept..1",0
"JobRoleHuman.Resources",0
"JobRoleLaboratory.Technician",0
"JobRoleManager",-0.0847212390706083
"JobRoleManufacturing.Director",-0.215426053024893
"JobRoleResearch.Director",0.104209795578294
"JobRoleResearch.Scientist",0
"JobRoleSales.Executive",0
"JobRoleSales.Representative",0
"MonthlyIncome",0
"X.Intercept.",-1.62793875017136
"X.Intercept..1",0
"JobRoleHuman.Resources",0
"JobRoleLaboratory.Technician",0
"JobRoleManager",-0.0847477249507109
"JobRoleManufacturing.Director",-0.215460914131659
"JobRoleResearch.Director",0.104247267355063
"JobRoleResearch.Scientist",0
"JobRoleSales.Executive",0
"JobRoleSales.Representative",0
"NumCompaniesWorked",0.000214903908150959
"X.Intercept.",-1.71861724410189
"X.Intercept..1",0
"JobRoleHuman.Resources",0
"JobRoleLaboratory.Technician",0
"JobRoleManager",-0.0847493346625066
"JobRoleManufacturing.Director",-0.214197644057922
"JobRoleResearch.Director",0.104686245476639
"JobRoleResearch.Scientist",0
"JobRoleSales.Executive",0
"JobRoleSales.Representative",0
"PercentSalaryHike",0.00598614743610944
"X.Intercept.",-1.6273595914397
"X.Intercept..1",0
"JobRoleHuman.Resources",0
"JobRoleLaboratory.Technician",0
"JobRoleManager",-0.0847212390706083
"JobRoleManufacturing.Director",-0.215426053024893
"JobRoleResearch.Director",0.104209795578294
"JobRoleResearch.Scientist",0
"JobRoleSales.Executive",0
"JobRoleSales.Representative",0
"StockOptionLevel",0
"X.Intercept.",-0.939198734387656
"X.Intercept..1",0
"JobRoleHuman.Resources",0
"JobRoleLaboratory.Technician",0
"JobRoleManager",-0.0719692196070189
"JobRoleManufacturing.Director",-0.237994565945858
"JobRoleResearch.Director",0.110599916973853
"JobRoleResearch.Scientist",0
"JobRoleSales.Executive",0
"JobRoleSales.Representative",0
"TotalWorkingYears",-0.0683718831509248
"X.Intercept.",-1.49126608479694
"X.Intercept..1",0
"JobRoleHuman.Resources",0
"JobRoleLaboratory.Technician",0
"JobRoleManager",-0.084297801315524
"JobRoleManufacturing.Director",-0.221230543905025
"JobRoleResearch.Director",0.112190896202198
"JobRoleResearch.Scientist",0
"JobRoleSales.Executive",0
"JobRoleSales.Representative",0
"TrainingTimesLastYear",-0.0490338535610561
"X.Intercept.",-1.24259514509029
"X.Intercept..1",0
"JobRoleHuman.Resources",0
"JobRoleLaboratory.Technician",0
"JobRoleManager",-0.0937093751644816
"JobRoleManufacturing.Director",-0.225431100744801
"JobRoleResearch.Director",0.10113661347169
"JobRoleResearch.Scientist",0
"JobRoleSales.Executive",0
"JobRoleSales.Representative",0
"YearsAtCompany",-0.0601102754675468
"X.Intercept.",-1.61776845725748
"X.Intercept..1",0
"JobRoleHuman.Resources",0
"JobRoleLaboratory.Technician",0
"JobRoleManager",-0.0839697395150552
"JobRoleManufacturing.Director",-0.214965183917478
"JobRoleResearch.Director",0.102953377791617
"JobRoleResearch.Scientist",0
"JobRoleSales.Executive",0
"JobRoleSales.Representative",0
"YearsSinceLastPromotion",-0.00440058771578415
"X.Intercept.",-1.16442834959919
"X.Intercept..1",0
"JobRoleHuman.Resources",0
"JobRoleLaboratory.Technician",0
"JobRoleManager",-0.173336613365553
"JobRoleManufacturing.Director",-0.258173962059152
"JobRoleResearch.Director",0.0598636747173208
"JobRoleResearch.Scientist",0
"JobRoleSales.Executive",0
"JobRoleSales.Representative",0
"YearsWithCurrManager",-0.121225747645105
"X.Intercept.",-1.15464634795462
"X.Intercept..1",0
"JobRoleHuman.Resources",0
"JobRoleLaboratory.Technician",0
"JobRoleManager",-0.0731620947132153
"JobRoleManufacturing.Director",-0.22110665780477
"JobRoleResearch.Director",0.108253491655852
"JobRoleResearch.Scientist",0
"JobRoleSales.Executive",0
"JobRoleSales.Representative",0
"EnvironmentSatisfaction",-0.177384610797957
"X.Intercept.",-1.26609520095136
"X.Intercept..1",0
"JobRoleHuman.Resources",0
"JobRoleLaboratory.Technician",0
"JobRoleManager",-0.0927462166630375
"JobRoleManufacturing.Director",-0.206378284117655
"JobRoleResearch.Director",0.124108232397557
"JobRoleResearch.Scientist",0
"JobRoleSales.Executive",0
"JobRoleSales.Representative",0
"JobSatisfaction",-0.135258776666979
"X.Intercept.",-1.17956159527389
"X.Intercept..1",0
"JobRoleHuman.Resources",0
"JobRoleLaboratory.Technician",0
"JobRoleManager",-0.0639977363634044
"JobRoleManufacturing.Director",-0.223076145858206
"JobRoleResearch.Director",0.122589036957801
"JobRoleResearch.Scientist",0
"JobRoleSales.Executive",0
"JobRoleSales.Representative",0
"WorkLifeBalance",-0.164874614401581
"X.Intercept.",-1.6273595914397
"X.Intercept..1",0
"JobRoleHuman.Resources",0
"JobRoleLaboratory.Technician",0
"JobRoleManager",-0.0847212390706083
"JobRoleManufacturing.Director",-0.215426053024893
"JobRoleResearch.Director",0.104209795578294
"JobRoleResearch.Scientist",0
"JobRoleSales.Executive",0
"JobRoleSales.Representative",0
"JobInvolvement",0
"X.Intercept.",-1.6273595914397
"X.Intercept..1",0
"JobRoleHuman.Resources",0
"JobRoleLaboratory.Technician",0
"JobRoleManager",-0.0847212390706083
"JobRoleManufacturing.Director",-0.215426053024893
"JobRoleResearch.Director",0.104209795578294
"JobRoleResearch.Scientist",0
"JobRoleSales.Executive",0
"JobRoleSales.Representative",0
"PerformanceRating",0
"X.Intercept.",-4.3267389968617
"X.Intercept..1",0
"JobRoleHuman.Resources",0
"JobRoleLaboratory.Technician",0
"JobRoleManager",-0.0567009655660658
"JobRoleManufacturing.Director",-0.188832611501338
"JobRoleResearch.Director",0.190186052310759
"JobRoleResearch.Scientist",0
"JobRoleSales.Executive",0
"JobRoleSales.Representative",0
"Avg_Daily_Hours",0.340069063061239
"X.Intercept.",-4.17481686674695
"X.Intercept..1",0
"JobRoleHuman.Resources",0
"JobRoleLaboratory.Technician",0
"JobRoleManager",-0.0550867872567526
"JobRoleManufacturing.Director",-0.195910359188914
"JobRoleResearch.Director",0.182003663880662
"JobRoleResearch.Scientist",0
"JobRoleSales.Executive",0
"JobRoleSales.Representative",0
"Avg_Weekly_Hours",0.0705798635215631
"X.Intercept.",-1.52360509176867
"X.Intercept..1",0
"JobRoleHuman.Resources",0
"JobRoleLaboratory.Technician",0
"JobRoleManager",-0.0844769257468935
"JobRoleManufacturing.Director",-0.218400561047384
"JobRoleResearch.Director",0.100959789838477
"JobRoleResearch.Scientist",0
"JobRoleSales.Executive",0
"JobRoleSales.Representative",0
"Days_off",-0.00817834654054072
"X.Intercept.",-1.94689820071184
"X.Intercept..1",0
"MaritalStatusMarried",0
"MaritalStatusSingle",0.791769772186992
"MonthlyIncome",0
"X.Intercept.",-1.95214428801703
"X.Intercept..1",0
"MaritalStatusMarried",0
"MaritalStatusSingle",0.791928675366321
"NumCompaniesWorked",0.00191430243313691
"X.Intercept.",-2.02163324624217
"X.Intercept..1",0
"MaritalStatusMarried",0
"MaritalStatusSingle",0.79127764088752
"PercentSalaryHike",0.00492192530865986
"X.Intercept.",-1.94689820071184
"X.Intercept..1",0
"MaritalStatusMarried",0
"MaritalStatusSingle",0.791769772186992
"StockOptionLevel",0
"X.Intercept.",-1.28115421910924
"X.Intercept..1",0
"MaritalStatusMarried",0
"MaritalStatusSingle",0.729402141995824
"TotalWorkingYears",-0.0637363667495434
"X.Intercept.",-1.79920046407865
"X.Intercept..1",0
"MaritalStatusMarried",0
"MaritalStatusSingle",0.795088070089828
"TrainingTimesLastYear",-0.053707109912453
"X.Intercept.",-1.58214992360072
"X.Intercept..1",0
"MaritalStatusMarried",0
"MaritalStatusSingle",0.756213983984392
"YearsAtCompany",-0.0549736487922228
"X.Intercept.",-1.94689820071184
"X.Intercept..1",0
"MaritalStatusMarried",0
"MaritalStatusSingle",0.791769772186992
"YearsSinceLastPromotion",0
"X.Intercept.",-1.50700894947856
"X.Intercept..1",0
"MaritalStatusMarried",0
"MaritalStatusSingle",0.759999330482928
"YearsWithCurrManager",-0.114814595828844
"X.Intercept.",-1.45810307945274
"X.Intercept..1",0
"MaritalStatusMarried",0
"MaritalStatusSingle",0.802425472983514
"EnvironmentSatisfaction",-0.184720334248157
"X.Intercept.",-1.55655936908643
"X.Intercept..1",0
"MaritalStatusMarried",0
"MaritalStatusSingle",0.803637949153661
"JobSatisfaction",-0.147272065539226
"X.Intercept.",-1.45495641130934
"X.Intercept..1",0
"MaritalStatusMarried",0
"MaritalStatusSingle",0.801853771139427
"WorkLifeBalance",-0.181925577360989
"X.Intercept.",-1.94689820071184
"X.Intercept..1",0
"MaritalStatusMarried",0
"MaritalStatusSingle",0.791769772186992
"JobInvolvement",0
"X.Intercept.",-1.94689820071184
"X.Intercept..1",0
"MaritalStatusMarried",0
"MaritalStatusSingle",0.791769772186992
"PerformanceRating",0
"X.Intercept.",-4.74267436232732
"X.Intercept..1",0
"MaritalStatusMarried",0
"MaritalStatusSingle",0.83040901403119
"Avg_Daily_Hours",0.351372799460941
"X.Intercept.",-4.58374121548657
"X.Intercept..1",0
"MaritalStatusMarried",0
"MaritalStatusSingle",0.828341760096069
"Avg_Weekly_Hours",0.0728660136171437
"X.Intercept.",-1.85182843890533
"X.Intercept..1",0
"MaritalStatusMarried",0
"MaritalStatusSingle",0.7911304661184
"Days_off",-0.00750537274698856
"X.Intercept.",-1.64739159976061
"X.Intercept..1",0
"MonthlyIncome",0
"NumCompaniesWorked",0
"X.Intercept.",-1.64739159976061
"X.Intercept..1",0
"MonthlyIncome",0
"PercentSalaryHike",0
"X.Intercept.",-1.64739159976061
"X.Intercept..1",0
"MonthlyIncome",0
"StockOptionLevel",0
"X.Intercept.",-0.962989272917044
"X.Intercept..1",0
"MonthlyIncome",0
"TotalWorkingYears",-0.0680668079854379
"X.Intercept.",-1.51704968649235
"X.Intercept..1",0
"MonthlyIncome",0
"TrainingTimesLastYear",-0.0469974744273051
"X.Intercept.",-1.26575649356635
"X.Intercept..1",0
"MonthlyIncome",0
"YearsAtCompany",-0.0598605341607257
"X.Intercept.",-1.63682475717511
"X.Intercept..1",0
"MonthlyIncome",0
"YearsSinceLastPromotion",-0.0048353995281268
"X.Intercept.",-1.20045007113752
"X.Intercept..1",0
"MonthlyIncome",0
"YearsWithCurrManager",-0.120114009051711
"X.Intercept.",-1.17510930394282
"X.Intercept..1",0
"MonthlyIncome",0
"EnvironmentSatisfaction",-0.177082201415091
"X.Intercept.",-1.28508019693141
"X.Intercept..1",0
"MonthlyIncome",0
"JobSatisfaction",-0.135141009735171
"X.Intercept.",-1.20472087492395
"X.Intercept..1",0
"MonthlyIncome",0
"WorkLifeBalance",-0.162437036767202
"X.Intercept.",-1.64739159976061
"X.Intercept..1",0
"MonthlyIncome",0
"JobInvolvement",0
"X.Intercept.",-1.64739159976061
"X.Intercept..1",0
"MonthlyIncome",0
"PerformanceRating",0
"X.Intercept.",-4.33346845313501
"X.Intercept..1",0
"MonthlyIncome",0
"Avg_Daily_Hours",0.339485674540495
"X.Intercept.",-4.18257640104928
"X.Intercept..1",0
"MonthlyIncome",0
"Avg_Weekly_Hours",0.0704532633287917
"X.Intercept.",-1.64739159976061
"X.Intercept..1",0
"MonthlyIncome",0
"Days_off",0
"X.Intercept.",-1.74209985044046
"X.Intercept..1",0
"NumCompaniesWorked",0
"PercentSalaryHike",0.00622185312820234
"X.Intercept.",-1.64739159976061
"X.Intercept..1",0
"NumCompaniesWorked",0
"StockOptionLevel",0
"X.Intercept.",-1.04377593407232
"X.Intercept..1",0
"NumCompaniesWorked",0.0480037244096311
"TotalWorkingYears",-0.0730228720884173
"X.Intercept.",-1.51704968649235
"X.Intercept..1",0
"NumCompaniesWorked",0
"TrainingTimesLastYear",-0.0469974744273051
"X.Intercept.",-1.26575649356635
"X.Intercept..1",0
"NumCompaniesWorked",0
"YearsAtCompany",-0.0598605341607257
"X.Intercept.",-1.64739159976061
"X.Intercept..1",0
"NumCompaniesWorked",0
"YearsSinceLastPromotion",0
"X.Intercept.",-1.20045007113752
"X.Intercept..1",0
"NumCompaniesWorked",0
"YearsWithCurrManager",-0.120114009051711
"X.Intercept.",-1.17707558477268
"X.Intercept..1",0
"NumCompaniesWorked",0.000748876424839295
"EnvironmentSatisfaction",-0.177105305245433
"X.Intercept.",-1.28508019693141
"X.Intercept..1",0
"NumCompaniesWorked",0
"JobSatisfaction",-0.135141009735171
"X.Intercept.",-1.20472087492395
"X.Intercept..1",0
"NumCompaniesWorked",0
"WorkLifeBalance",-0.162437036767202
"X.Intercept.",-1.64739159976061
"X.Intercept..1",0
"NumCompaniesWorked",0
"JobInvolvement",0
"X.Intercept.",-1.64739159976061
"X.Intercept..1",0
"NumCompaniesWorked",0
"PerformanceRating",0
"X.Intercept.",-4.34220630772291
"X.Intercept..1",0
"NumCompaniesWorked",0.00299509576557269
"Avg_Daily_Hours",0.33956617738847
"X.Intercept.",-4.19206973358773
"X.Intercept..1",0
"NumCompaniesWorked",0.00322994933012584
"Avg_Weekly_Hours",0.0704742518977417
"X.Intercept.",-1.54580512679582
"X.Intercept..1",0
"NumCompaniesWorked",0
"Days_off",-0.00804072716189722
"X.Intercept.",-1.74209985044046
"X.Intercept..1",0
"PercentSalaryHike",0.00622185312820234
"StockOptionLevel",0
"X.Intercept.",-0.996580438532649
"X.Intercept..1",0
"PercentSalaryHike",0.00217593308398043
"TotalWorkingYears",-0.0680187406657754
"X.Intercept.",-1.60267381510038
"X.Intercept..1",0
"PercentSalaryHike",0.00549495402172121
"TrainingTimesLastYear",-0.0462833878830937
"X.Intercept.",-1.32676137101312
"X.Intercept..1",0
"PercentSalaryHike",0.00397620045366431
"YearsAtCompany",-0.0597858201898875
"X.Intercept.",-1.64739159976061
"X.Intercept..1",0
"PercentSalaryHike",0
"YearsSinceLastPromotion",0
"X.Intercept.",-1.24309967487967
"X.Intercept..1",0
"PercentSalaryHike",0.00278064064295198
"YearsWithCurrManager",-0.120032164663666
"X.Intercept.",-1.27154333829138
"X.Intercept..1",0
"PercentSalaryHike",0.00633817167629772
"EnvironmentSatisfaction",-0.17709758837712
"X.Intercept.",-1.40888595870098
"X.Intercept..1",0
"PercentSalaryHike",0.00839844213496055
"JobSatisfaction",-0.13664572111502
"X.Intercept.",-1.2808602458431
"X.Intercept..1",0
"PercentSalaryHike",0.00479940256261325
"WorkLifeBalance",-0.161304904329358
"X.Intercept.",-1.64739159976061
"X.Intercept..1",0
"PercentSalaryHike",0
"JobInvolvement",0
"X.Intercept.",-1.64739159976061
"X.Intercept..1",0
"PercentSalaryHike",0
"PerformanceRating",0
"X.Intercept.",-4.38406461411378
"X.Intercept..1",0
"PercentSalaryHike",0.00340194569661888
"Avg_Daily_Hours",0.339333766456237
"X.Intercept.",-4.23979909491869
"X.Intercept..1",0
"PercentSalaryHike",0.00383053547547589
"Avg_Weekly_Hours",0.0704227332226807
"X.Intercept.",-1.6424963021479
"X.Intercept..1",0
"PercentSalaryHike",0.00640751185731582
"Days_off",-0.00810744416488434
"X.Intercept.",-0.962989272917044
"X.Intercept..1",0
"StockOptionLevel",0
"TotalWorkingYears",-0.0680668079854379
"X.Intercept.",-1.51704968649235
"X.Intercept..1",0
"StockOptionLevel",0
"TrainingTimesLastYear",-0.0469974744273051
"X.Intercept.",-1.26575649356635
"X.Intercept..1",0
"StockOptionLevel",0
"YearsAtCompany",-0.0598605341607257
"X.Intercept.",-1.64739159976061
"X.Intercept..1",0
"StockOptionLevel",0
"YearsSinceLastPromotion",0
"X.Intercept.",-1.20045007113752
"X.Intercept..1",0
"StockOptionLevel",0
"YearsWithCurrManager",-0.120114009051711
"X.Intercept.",-1.17510930394282
"X.Intercept..1",0
"StockOptionLevel",0
"EnvironmentSatisfaction",-0.177082201415091
"X.Intercept.",-1.28508019693141
"X.Intercept..1",0
"StockOptionLevel",0
"JobSatisfaction",-0.135141009735171
"X.Intercept.",-1.20472087492395
"X.Intercept..1",0
"StockOptionLevel",0
"WorkLifeBalance",-0.162437036767202
"X.Intercept.",-1.64739159976061
"X.Intercept..1",0
"StockOptionLevel",0
"JobInvolvement",0
"X.Intercept.",-1.64739159976061
"X.Intercept..1",0
"StockOptionLevel",0
"PerformanceRating",0
"X.Intercept.",-4.33346845313501
"X.Intercept..1",0
"StockOptionLevel",0
"Avg_Daily_Hours",0.339485674540495
"X.Intercept.",-4.18257640104928
"X.Intercept..1",0
"StockOptionLevel",0
"Avg_Weekly_Hours",0.0704532633287917
"X.Intercept.",-1.54580512679582
"X.Intercept..1",0
"StockOptionLevel",0
"Days_off",-0.00804072716189722
"X.Intercept.",-0.799521536438333
"X.Intercept..1",0
"TotalWorkingYears",-0.0683360541429328
"TrainingTimesLastYear",-0.0579212320037971
"X.Intercept.",-0.95108083817572
"X.Intercept..1",0
"TotalWorkingYears",-0.0632731509777476
"YearsAtCompany",-0.00940333554396566
"X.Intercept.",-0.964126688652492
"X.Intercept..1",0
"TotalWorkingYears",-0.0691836808806166
"YearsSinceLastPromotion",0.00613104286997087
"X.Intercept.",-0.871967305913012
"X.Intercept..1",0
"TotalWorkingYears",-0.0499543689408674
"YearsWithCurrManager",-0.073174727800176
"X.Intercept.",-0.449874692648314
"X.Intercept..1",0
"TotalWorkingYears",-0.0691141193868957
"EnvironmentSatisfaction",-0.188637942455588
"X.Intercept.",-0.550384685365745
"X.Intercept..1",0
"TotalWorkingYears",-0.0690067498394372
"JobSatisfaction",-0.15042783027596
"X.Intercept.",-0.499390558547874
"X.Intercept..1",0
"TotalWorkingYears",-0.0682190072120859
"WorkLifeBalance",-0.169502415877577
"X.Intercept.",-0.962989272917044
"X.Intercept..1",0
"TotalWorkingYears",-0.0680668079854379
"JobInvolvement",0
"X.Intercept.",-0.962989272917044
"X.Intercept..1",0
"TotalWorkingYears",-0.0680668079854379
"PerformanceRating",0
"X.Intercept.",-3.68304323442488
"X.Intercept..1",0
"TotalWorkingYears",-0.0689031831704936
"Avg_Daily_Hours",0.344868718395878
"X.Intercept.",-3.52486941512095
"X.Intercept..1",0
"TotalWorkingYears",-0.0686594502764758
"Avg_Weekly_Hours",0.0713712718782222
"X.Intercept.",-0.875294248556276
"X.Intercept..1",0
"TotalWorkingYears",-0.0679662248171279
"Days_off",-0.00701619788157286
"X.Intercept.",-1.12642715033325
"X.Intercept..1",0
"TrainingTimesLastYear",-0.0499835015651878
"YearsAtCompany",-0.0599729375466735
"X.Intercept.",-1.50765898589285
"X.Intercept..1",0
"TrainingTimesLastYear",-0.0468119746233152
"YearsSinceLastPromotion",-0.00453255327943329
"X.Intercept.",-1.05938758006702
"X.Intercept..1",0
"TrainingTimesLastYear",-0.0507315928908842
"YearsWithCurrManager",-0.120191579869731
"X.Intercept.",-1.0602201442781
"X.Intercept..1",0
"TrainingTimesLastYear",-0.0428224925618077
"EnvironmentSatisfaction",-0.17562047562655
"X.Intercept.",-1.1479385497769
"X.Intercept..1",0
"TrainingTimesLastYear",-0.0486161767521866
"JobSatisfaction",-0.136003650415476
"X.Intercept.",-1.07499780040538
"X.Intercept..1",0
"TrainingTimesLastYear",-0.0468394878757449
"WorkLifeBalance",-0.162369851140637
"X.Intercept.",-1.51704968649235
"X.Intercept..1",0
"TrainingTimesLastYear",-0.0469974744273051
"JobInvolvement",0
"X.Intercept.",-1.51704968649235
"X.Intercept..1",0
"TrainingTimesLastYear",-0.0469974744273051
"PerformanceRating",0
"X.Intercept.",-4.20329672855178
"X.Intercept..1",0
"TrainingTimesLastYear",-0.0478709400678307
"Avg_Daily_Hours",0.339803520494946
"X.Intercept.",-4.0518585391544
"X.Intercept..1",0
"TrainingTimesLastYear",-0.0480699258300787
"Avg_Weekly_Hours",0.0705235920480887
"X.Intercept.",-1.41390488527708
"X.Intercept..1",0
"TrainingTimesLastYear",-0.0471961960609125
"Days_off",-0.00812033699786211
"X.Intercept.",-1.26394116258234
"X.Intercept..1",0
"YearsAtCompany",-0.0637727045412509
"YearsSinceLastPromotion",0.0115008510740695
"X.Intercept.",-1.19847790205409
"X.Intercept..1",0
"YearsAtCompany",-0.00122618808642538
"YearsWithCurrManager",-0.118539481370964
"X.Intercept.",-0.782627110057451
"X.Intercept..1",0
"YearsAtCompany",-0.0600611001885059
"EnvironmentSatisfaction",-0.180516777371578
"X.Intercept.",-0.896409111322353
"X.Intercept..1",0
"YearsAtCompany",-0.0599978182721823
"JobSatisfaction",-0.137395493475111
"X.Intercept.",-0.837206544291921
"X.Intercept..1",0
"YearsAtCompany",-0.0596918988490955
"WorkLifeBalance",-0.15764888658045
"X.Intercept.",-1.26575649356635
"X.Intercept..1",0
"YearsAtCompany",-0.0598605341607257
"JobInvolvement",0
"X.Intercept.",-1.26575649356635
"X.Intercept..1",0
"YearsAtCompany",-0.0598605341607257
"PerformanceRating",0
"X.Intercept.",-3.94653305366914
"X.Intercept..1",0
"YearsAtCompany",-0.0582258640328423
"Avg_Daily_Hours",0.337562519153907
"X.Intercept.",-3.79570741079821
"X.Intercept..1",0
"YearsAtCompany",-0.0581992722316126
"Avg_Weekly_Hours",0.0700284853515758
"X.Intercept.",-1.16961358144735
"X.Intercept..1",0
"YearsAtCompany",-0.0597798818729251
"Days_off",-0.00764825800466125
"X.Intercept.",-1.20490313117127
"X.Intercept..1",0
"YearsSinceLastPromotion",0.0147874217995917
"YearsWithCurrManager",-0.126906662326785
"X.Intercept.",-1.16480751881704
"X.Intercept..1",0
"YearsSinceLastPromotion",-0.00475826562027855
"EnvironmentSatisfaction",-0.177044537221619
"X.Intercept.",-1.27187283513329
"X.Intercept..1",0
"YearsSinceLastPromotion",-0.00567743777289753
"JobSatisfaction",-0.135439533806641
"X.Intercept.",-1.19780382465225
"X.Intercept..1",0
"YearsSinceLastPromotion",-0.00378787260626014
"WorkLifeBalance",-0.161937058715326
"X.Intercept.",-1.64739159976061
"X.Intercept..1",0
"YearsSinceLastPromotion",0
"JobInvolvement",0
"X.Intercept.",-1.64739159976061
"X.Intercept..1",0
"YearsSinceLastPromotion",0
"PerformanceRating",0
"X.Intercept.",-4.3271308028523
"X.Intercept..1",0
"YearsSinceLastPromotion",-0.00258301900133311
"Avg_Daily_Hours",0.339398243986864
"X.Intercept.",-4.17612258615034
"X.Intercept..1",0
"YearsSinceLastPromotion",-0.00263865942687184
"Avg_Weekly_Hours",0.070434228952772
"X.Intercept.",-1.53526442360271
"X.Intercept..1",0
"YearsSinceLastPromotion",-0.00483048931672102
"Days_off",-0.00803950524199202
"X.Intercept.",-0.718970470015793
"X.Intercept..1",0
"YearsWithCurrManager",-0.120241716404588
"EnvironmentSatisfaction",-0.180200384080452
"X.Intercept.",-0.791175721841151
"X.Intercept..1",0
"YearsWithCurrManager",-0.121950542870071
"JobSatisfaction",-0.150056127582079
"X.Intercept.",-0.747342274074646
"X.Intercept..1",0
"YearsWithCurrManager",-0.120503776749014
"WorkLifeBalance",-0.165752639820172
"X.Intercept.",-1.20045007113752
"X.Intercept..1",0
"YearsWithCurrManager",-0.120114009051711
"JobInvolvement",0
"X.Intercept.",-1.20045007113752
"X.Intercept..1",0
"YearsWithCurrManager",-0.120114009051711
"PerformanceRating",0
"X.Intercept.",-3.87480296673436
"X.Intercept..1",0
"YearsWithCurrManager",-0.119071316741248
"Avg_Daily_Hours",0.337445724666835
"X.Intercept.",-3.72464231768429
"X.Intercept..1",0
"YearsWithCurrManager",-0.119081722333632
"Avg_Weekly_Hours",0.0700269562023347
"X.Intercept.",-1.09968340730578
"X.Intercept..1",0
"YearsWithCurrManager",-0.120098225744426
"Days_off",-0.00798046551628099
"X.Intercept.",-0.80419609555552
"X.Intercept..1",0
"EnvironmentSatisfaction",-0.178440224844928
"JobSatisfaction",-0.137009848097849
"X.Intercept.",-0.749550517740643
"X.Intercept..1",0
"EnvironmentSatisfaction",-0.175228433917788
"WorkLifeBalance",-0.157959907851676
"X.Intercept.",-1.17510930394282
"X.Intercept..1",0
"EnvironmentSatisfaction",-0.177082201415091
"JobInvolvement",0
"X.Intercept.",-1.18847737687088
"X.Intercept..1",0
"EnvironmentSatisfaction",-0.177105285665487
"PerformanceRating",0.00425948114091331
"X.Intercept.",-3.87717513300756
"X.Intercept..1",0
"EnvironmentSatisfaction",-0.209941792076401
"Avg_Daily_Hours",0.352488975398762
"X.Intercept.",-3.72241033923693
"X.Intercept..1",0
"EnvironmentSatisfaction",-0.209691712765546
"Avg_Weekly_Hours",0.073188993562676
"X.Intercept.",-1.05602821108175
"X.Intercept..1",0
"EnvironmentSatisfaction",-0.178443048467675
"Days_off",-0.00913791586316094
"X.Intercept.",-0.84118063161453
"X.Intercept..1",0
"JobSatisfaction",-0.135253972947746
"WorkLifeBalance",-0.162771252889185
"X.Intercept.",-1.28508019693141
"X.Intercept..1",0
"JobSatisfaction",-0.135141009735171
"JobInvolvement",0
"X.Intercept.",-1.33853897089106
"X.Intercept..1",0
"JobSatisfaction",-0.135438423498114
"PerformanceRating",0.0172083524719759
"X.Intercept.",-3.96561962368257
"X.Intercept..1",0
"JobSatisfaction",-0.146174858010773
"Avg_Daily_Hours",0.342533582600054
"X.Intercept.",-3.81466433283124
"X.Intercept..1",0
"JobSatisfaction",-0.146510419827466
"Avg_Weekly_Hours",0.0711456206394209
"X.Intercept.",-1.17973423925923
"X.Intercept..1",0
"JobSatisfaction",-0.135411618042082
"Days_off",-0.00828002624694999
"X.Intercept.",-1.20472087492395
"X.Intercept..1",0
"WorkLifeBalance",-0.162437036767202
"JobInvolvement",0
"X.Intercept.",-1.20472087492395
"X.Intercept..1",0
"WorkLifeBalance",-0.162437036767202
"PerformanceRating",0
"X.Intercept.",-3.92734819655521
"X.Intercept..1",0
"WorkLifeBalance",-0.140124459458875
"Avg_Daily_Hours",0.336463713601047
"X.Intercept.",-3.77311180702498
"X.Intercept..1",0
"WorkLifeBalance",-0.142116780063521
"Avg_Weekly_Hours",0.0698464229236902
"X.Intercept.",-1.0980593877212
"X.Intercept..1",0
"WorkLifeBalance",-0.163154440147346
"Days_off",-0.00828765649497728
"X.Intercept.",-1.64739159976061
"X.Intercept..1",0
"JobInvolvement",0
"PerformanceRating",0
"X.Intercept.",-4.33346845313501
"X.Intercept..1",0
"JobInvolvement",0
"Avg_Daily_Hours",0.339485674540495
"X.Intercept.",-4.18257640104928
"X.Intercept..1",0
"JobInvolvement",0
"Avg_Weekly_Hours",0.0704532633287917
"X.Intercept.",-1.54580512679582
"X.Intercept..1",0
"JobInvolvement",0
"Days_off",-0.00804072716189722
"X.Intercept.",-4.33346845313501
"X.Intercept..1",0
"PerformanceRating",0
"Avg_Daily_Hours",0.339485674540495
"X.Intercept.",-4.18257640104928
"X.Intercept..1",0
"PerformanceRating",0
"Avg_Weekly_Hours",0.0704532633287917
"X.Intercept.",-1.64739159976061
"X.Intercept..1",0
"PerformanceRating",0
"Days_off",0
"X.Intercept.",-4.33346845313501
"X.Intercept..1",0
"Avg_Daily_Hours",0.339485674540495
"Avg_Weekly_Hours",0
"X.Intercept.",-4.33346845313501
"X.Intercept..1",0
"Avg_Daily_Hours",0.339485674540495
"Days_off",0
"X.Intercept.",-4.18257640104928
"X.Intercept..1",0
"Avg_Weekly_Hours",0.0704532633287917
"Days_off",0
